{
	"credit": "Made with Blockbench",
	"parent": "block/block",
	"textures": {
		"2": "block/anvil_upper",
		"3": "block/anvil_top",
		"4": "block/anvil_lower",
		"particle": "block/anvil",
		"body": "block/anvil"
	},
	"elements": [
		{
			"name": "Anvil base",
			"from": [2, 0, 2],
			"to": [14, 4, 14],
			"faces": {
				"north": {"uv": [4, 0, 16, 4], "texture": "#4"},
				"east": {"uv": [4, 4, 0, 16], "rotation": 270, "texture": "#4"},
				"south": {"uv": [4, 0, 16, 4], "texture": "#4"},
				"west": {"uv": [0, 4, 4, 16], "rotation": 90, "texture": "#4"},
				"up": {"uv": [4, 4, 16, 16], "rotation": 180, "texture": "#4"},
				"down": {"uv": [4, 4, 16, 16], "rotation": 180, "texture": "#4", "cullface": "down"}
			}
		},
		{
			"name": "Lower narrow portion",
			"from": [4, 4, 3],
			"to": [12, 5, 13],
			"faces": {
				"north": {"uv": [1, 1, 9, 2], "texture": "#body"},
				"east": {"uv": [12, 4, 11, 14], "rotation": 270, "texture": "#body"},
				"south": {"uv": [1, 1, 9, 2], "texture": "#body"},
				"west": {"uv": [11, 4, 12, 14], "rotation": 90, "texture": "#body"},
				"up": {"uv": [8, 6, 16, 16], "rotation": 180, "texture": "#body"},
				"down": {"uv": [0, 0, 0, 0], "texture": "#body"}
			}
		},
		{
			"name": "Wider section beneath top portion",
			"from": [6, 5, 4],
			"to": [10, 10, 12],
			"faces": {
				"north": {"uv": [6, 6, 10, 11], "texture": "#body"},
				"east": {"uv": [10, 4, 5, 12], "rotation": 270, "texture": "#body"},
				"south": {"uv": [6, 6, 10, 11], "texture": "#body"},
				"west": {"uv": [5, 4, 10, 12], "rotation": 90, "texture": "#body"}
			}
		},
		{
			"name": "Anvil top",
			"from": [3, 10, 0],
			"to": [13, 16, 16],
			"faces": {
				"north": {"uv": [0, 0, 10, 6], "texture": "#2"},
				"east": {"uv": [16, 0, 10, 16], "rotation": 270, "texture": "#2"},
				"south": {"uv": [0, 0, 10, 6], "texture": "#2"},
				"west": {"uv": [10, 0, 16, 16], "rotation": 90, "texture": "#2"},
				"up": {"uv": [3, 0, 13, 16], "rotation": 180, "texture": "#3"},
				"down": {"uv": [3, 0, 13, 16], "rotation": 180, "texture": "#3"}
			}
		}
	],
	"display": {
		"fixed": {
			"rotation": [0, 90, 0],
			"scale": [0.5, 0.5, 0.5]
		}
	}
}